user_id,checkin_time,continuous_days

???,2025-06-20 13:53:26,1
心上秋,2025-06-20 14:55:28,1
刘小贱,2025-06-21 14:51:21,2
心上秋,2025-06-21 15:15:38,2
???,2025-06-22 14:26:16,1
心上秋,2025-06-22 14:47:26,3
刘小贱,2025-06-22 14:48:20,2
???,2025-06-23 09:05:26,2
刘小贱,2025-06-23 09:12:45,3
心上秋,2025-06-23 09:16:15,4
刘小贱,2025-06-24 07:51:52,4
???,2025-06-24 07:54:07,3
心上秋,2025-06-24 08:05:31,5
???,2025-06-25 08:14:54,4
心上秋,2025-06-25 08:16:00,6
???,2025-06-26 07:51:48,5
心上秋,2025-06-26 10:26:10,7
刘小贱,2025-06-26 10:26:21,1
心上秋,2025-06-27 10:47:40,8
<<<<<<< HEAD
心上秋,2025-06-28 15:07:00,9
心上秋,2025-06-29 23:59:59,10
心上秋,2025-06-30 08:45:06,11
刘小贱,2025-06-30 08:46:54,1
???,2025-06-30 16:35:24,1
???,2025-07-01 07:52:12,2
心上秋,2025-07-01 08:16:05,12
刘小贱,2025-07-01 08:16:55,2
???,2025-07-02 01:14:46,3
刘小贱,2025-07-02 01:16:58,3
心上秋,2025-07-02 08:00:52,13
???,2025-07-03 07:21:02,4
心上秋,2025-07-03 07:49:04,14
???,2025-07-04 07:52:41,5
心上秋,2025-07-04 08:00:56,15
刘小贱,2025-07-04 08:41:47,1
???,2025-07-05 06:16:46,6
心上秋,2025-07-05 14:11:47,16
刘小贱,2025-07-05 14:49:02,2
心上秋,2025-07-06 09:52:43,17
刘小贱,2025-07-06 12:59:04,3
???,2025-07-06 14:33:55,7
心上秋,2025-07-07 07:53:17,18
???,2025-07-07 08:14:30,8
???,2025-07-08 10:56:48,9
刘小贱,2025-07-08 10:58:51,1
心上秋,2025-07-08 10:59:35,19
刘小贱,2025-07-09 09:23:36,2
???,2025-07-09 14:58:22,10
心上秋,2025-07-09 15:00:25,20
???,2025-07-10 07:53:45,11
刘小贱,2025-07-10 07:56:50,3
心上秋,2025-07-10 08:01:07,21
=======
心上秋,2025-06-30 08:45:06,1
刘小贱,2025-06-30 08:46:54,1
>>>>>>> 53154f61cb866718cf4245467589d2a2d425e538
